"","film_one","film_two","film_three","film_four","film_five","film_six","film_seven","film_eight","film_nine","film_ten","premium_subscription"
"viewer 1",NA,NA,NA,NA,NA,NA,NA,NA,0,NA,NA
"viewer 2",NA,NA,NA,NA,NA,NA,NA,NA,5,NA,1
"viewer 3",3.6,NA,NA,NA,NA,NA,NA,NA,NA,NA,0
"viewer 4",NA,NA,NA,NA,NA,NA,NA,4.4,NA,5,NA
"viewer 5",NA,NA,NA,0.4,NA,NA,0.9,NA,NA,NA,NA
"viewer 6",3.1,NA,4.7,2.5,NA,NA,NA,4,NA,NA,NA
"viewer 7",NA,4.3,2.3,NA,NA,NA,NA,NA,NA,NA,1
"viewer 8",NA,NA,NA,NA,NA,NA,5,5,NA,NA,NA
"viewer 9",0,0.8,NA,0.8,0.2,0.7,NA,NA,NA,0.1,NA
"viewer 10",NA,0.2,NA,NA,NA,NA,NA,0.4,NA,NA,0
"viewer 11",NA,NA,NA,NA,NA,3.7,NA,4.8,NA,NA,NA
"viewer 12",NA,NA,NA,NA,4,NA,NA,NA,NA,2.1,NA
"viewer 13",NA,NA,NA,NA,NA,NA,NA,NA,NA,5,NA
"viewer 14",NA,NA,NA,3.9,NA,1.9,NA,2.1,NA,NA,NA
"viewer 15",NA,1.5,NA,NA,2.9,3.7,4.6,NA,NA,5,0
"viewer 16",NA,NA,NA,NA,4.6,NA,5,NA,NA,NA,1
"viewer 17",NA,NA,NA,NA,NA,NA,NA,NA,NA,NA,NA
"viewer 18",NA,NA,3.4,NA,NA,NA,NA,NA,NA,NA,1
"viewer 19",NA,2,NA,NA,NA,NA,NA,NA,NA,NA,NA
"viewer 20",NA,NA,NA,2,NA,4.8,NA,NA,NA,NA,1
"viewer 21",NA,NA,NA,NA,NA,NA,NA,NA,2.9,NA,NA
"viewer 22",NA,NA,NA,NA,4.3,NA,NA,1.7,NA,0.1,NA
"viewer 23",NA,NA,NA,NA,0.3,NA,NA,NA,0.4,NA,NA
"viewer 24",NA,0.5,NA,1.1,NA,NA,NA,0,NA,NA,NA
"viewer 25",NA,NA,0.1,2.3,NA,NA,NA,NA,NA,NA,NA
"viewer 26",NA,0.1,NA,NA,NA,1,NA,NA,NA,NA,0
"viewer 27",NA,NA,NA,NA,NA,0.7,NA,NA,NA,0.2,NA
"viewer 28",NA,NA,2.7,NA,NA,NA,NA,NA,5,NA,0
"viewer 29",NA,NA,3.4,5,NA,NA,5,NA,NA,NA,NA
"viewer 30",NA,1.7,NA,NA,NA,NA,NA,NA,NA,5,NA
"viewer 31",NA,NA,NA,0.5,NA,NA,NA,NA,NA,NA,NA
"viewer 32",NA,NA,NA,NA,NA,5,NA,NA,NA,NA,0
"viewer 33",NA,NA,NA,NA,NA,NA,2.2,NA,0,3.5,NA
"viewer 34",NA,NA,NA,NA,NA,4.2,5,NA,NA,NA,NA
"viewer 35",NA,4,3.1,NA,NA,NA,NA,4.1,NA,NA,NA
"viewer 36",NA,NA,NA,NA,NA,NA,NA,NA,NA,NA,NA
"viewer 37",3.6,NA,NA,2.8,3.2,NA,NA,NA,NA,NA,1
"viewer 38",NA,NA,NA,NA,NA,NA,NA,NA,NA,NA,NA
"viewer 39",NA,2.9,NA,NA,NA,NA,5,NA,5,NA,NA
"viewer 40",NA,2.7,NA,NA,NA,NA,4,5,NA,NA,NA
"viewer 41",1.2,NA,NA,NA,NA,NA,NA,NA,NA,NA,NA
"viewer 42",NA,NA,NA,NA,NA,NA,NA,NA,5,NA,NA
"viewer 43",NA,NA,NA,NA,NA,NA,NA,NA,NA,NA,0
"viewer 44",NA,NA,NA,5,NA,NA,NA,NA,NA,NA,NA
"viewer 45",NA,NA,NA,NA,NA,NA,NA,NA,NA,NA,NA
"viewer 46",NA,NA,NA,NA,3.2,NA,NA,NA,NA,NA,0
"viewer 47",NA,4.5,NA,NA,2.8,3.4,NA,NA,NA,3.5,NA
"viewer 48",NA,NA,NA,NA,NA,NA,NA,NA,NA,NA,NA
"viewer 49",NA,NA,2.5,NA,NA,NA,NA,NA,NA,NA,NA
"viewer 50",NA,NA,NA,NA,3.9,NA,NA,5,NA,NA,NA
"viewer 51",NA,NA,NA,NA,NA,NA,0.2,NA,NA,NA,NA
"viewer 52",NA,NA,NA,NA,NA,NA,4.3,5,NA,5,NA
"viewer 53",NA,NA,NA,NA,NA,4.1,NA,NA,NA,NA,NA
"viewer 54",NA,NA,3.5,0.1,NA,0.4,NA,NA,NA,NA,NA
"viewer 55",5,NA,NA,2.7,NA,NA,NA,2.6,NA,NA,1
"viewer 56",NA,NA,0.3,NA,0.1,0.2,NA,NA,0.4,NA,NA
"viewer 57",NA,NA,NA,NA,3.3,NA,NA,5,NA,NA,NA
"viewer 58",NA,NA,NA,4.2,4.9,NA,1.2,NA,NA,NA,NA
"viewer 59",3.2,2.5,3.3,NA,NA,4.7,NA,NA,NA,NA,NA
"viewer 60",NA,NA,NA,NA,NA,NA,NA,NA,NA,NA,0
"viewer 61",NA,0.7,NA,NA,NA,4.6,NA,NA,5,NA,NA
"viewer 62",NA,NA,NA,NA,NA,NA,NA,NA,5,NA,NA
"viewer 63",NA,NA,0.7,NA,NA,NA,NA,NA,NA,NA,NA
"viewer 64",NA,NA,NA,NA,NA,3.7,NA,NA,NA,NA,NA
"viewer 65",NA,NA,NA,NA,4.2,NA,NA,NA,NA,5,NA
"viewer 66",NA,NA,4.6,NA,NA,NA,5,NA,NA,3.1,0
"viewer 67",5,NA,3.8,NA,NA,NA,3.4,NA,NA,NA,NA
"viewer 68",NA,5,3.3,NA,NA,NA,NA,NA,1.1,NA,NA
"viewer 69",NA,NA,NA,NA,NA,NA,NA,5,NA,5,NA
"viewer 70",NA,NA,NA,NA,NA,NA,3.3,NA,NA,NA,1
"viewer 71",NA,NA,NA,NA,NA,NA,5,NA,NA,NA,NA
"viewer 72",NA,NA,NA,NA,NA,NA,NA,NA,NA,NA,NA
"viewer 73",NA,NA,1.5,NA,NA,NA,NA,NA,NA,NA,NA
"viewer 74",NA,NA,NA,NA,NA,NA,5,NA,NA,NA,NA
"viewer 75",NA,NA,NA,4.1,NA,NA,NA,NA,NA,NA,NA
"viewer 76",NA,1,NA,1.2,NA,NA,0.9,NA,0.7,0.1,NA
"viewer 77",NA,1.2,NA,NA,NA,NA,NA,NA,NA,NA,1
"viewer 78",0.4,NA,NA,NA,NA,NA,0.1,0.1,NA,NA,NA
"viewer 79",NA,NA,NA,NA,NA,NA,NA,NA,NA,NA,0
"viewer 80",NA,NA,NA,1,NA,NA,NA,NA,NA,0.1,NA
"viewer 81",NA,NA,NA,NA,NA,NA,NA,NA,NA,NA,0
"viewer 82",NA,2.3,1.6,NA,NA,NA,NA,NA,NA,NA,NA
"viewer 83",NA,NA,NA,NA,NA,NA,NA,2.8,4.7,NA,NA
"viewer 84",NA,NA,NA,NA,NA,2,NA,NA,NA,NA,NA
"viewer 85",NA,4.5,NA,NA,NA,NA,NA,NA,NA,NA,NA
"viewer 86",NA,NA,0.3,1.5,1.1,NA,0.4,0.4,NA,0.1,0
"viewer 87",NA,3.7,NA,NA,NA,NA,NA,4.3,NA,NA,NA
"viewer 88",NA,NA,NA,NA,NA,5,NA,5,NA,NA,NA
"viewer 89",NA,NA,NA,NA,NA,NA,NA,NA,NA,NA,NA
"viewer 90",NA,NA,NA,NA,NA,NA,NA,NA,5,5,NA
"viewer 91",4.8,3.3,NA,NA,3.6,NA,NA,NA,NA,NA,NA
"viewer 92",NA,NA,NA,NA,NA,NA,0.4,NA,NA,NA,0
"viewer 93",NA,4.3,NA,NA,NA,NA,NA,NA,NA,5,NA
"viewer 94",NA,3.3,NA,NA,NA,NA,NA,NA,NA,NA,0
"viewer 95",NA,NA,NA,NA,NA,NA,NA,3.9,NA,5,NA
"viewer 96",NA,NA,NA,NA,NA,NA,NA,NA,NA,NA,NA
"viewer 97",NA,NA,NA,1.5,NA,NA,NA,0.1,0.5,0.1,NA
"viewer 98",NA,NA,NA,NA,NA,NA,NA,NA,NA,NA,NA
"viewer 99",NA,2.9,NA,NA,NA,NA,4.7,NA,4.9,NA,NA
"viewer 100",NA,NA,NA,NA,NA,NA,NA,NA,NA,5,NA
"viewer 101",0.7,NA,0.1,NA,NA,NA,0.1,NA,NA,0,NA
"viewer 102",NA,NA,NA,NA,NA,NA,NA,0.2,NA,NA,1
"viewer 103",4.6,NA,NA,NA,NA,NA,3.7,NA,NA,NA,NA
"viewer 104",NA,3.1,NA,NA,NA,NA,NA,4.8,5,NA,NA
"viewer 105",NA,NA,NA,NA,NA,0.1,NA,NA,NA,NA,0
"viewer 106",NA,NA,NA,NA,NA,NA,NA,NA,NA,0,0
"viewer 107",NA,NA,NA,NA,NA,NA,2.6,NA,NA,5,NA
"viewer 108",NA,0.1,NA,NA,NA,NA,NA,NA,NA,NA,NA
"viewer 109",NA,NA,NA,NA,4,NA,NA,NA,NA,NA,NA
"viewer 110",NA,NA,NA,NA,NA,NA,4.5,5,NA,NA,NA
"viewer 111",NA,NA,4.2,NA,NA,NA,NA,NA,NA,NA,NA
"viewer 112",5,4.6,NA,NA,NA,NA,NA,NA,NA,NA,NA
"viewer 113",0.4,NA,NA,NA,NA,NA,NA,NA,0,NA,NA
"viewer 114",NA,NA,NA,NA,2.8,NA,5,NA,5,NA,NA
"viewer 115",NA,2.3,NA,NA,NA,2.3,0.9,NA,NA,NA,0
"viewer 116",4.5,NA,NA,NA,NA,NA,NA,NA,NA,NA,0
"viewer 117",NA,NA,NA,NA,NA,NA,4.1,NA,NA,5,NA
"viewer 118",NA,NA,NA,NA,NA,NA,NA,3.8,NA,NA,NA
"viewer 119",NA,2.9,2.5,NA,NA,4.1,4.2,NA,5,NA,NA
"viewer 120",NA,NA,NA,0.2,NA,NA,0.6,NA,NA,NA,NA
"viewer 121",NA,NA,NA,NA,2.4,3.1,NA,NA,NA,2.6,NA
"viewer 122",NA,NA,NA,NA,0.8,NA,NA,NA,0.4,0.1,NA
"viewer 123",NA,NA,2.1,3,NA,NA,NA,NA,NA,NA,NA
"viewer 124",NA,NA,NA,2.7,NA,NA,3.7,NA,5,NA,1
"viewer 125",NA,NA,3.2,NA,3.9,NA,NA,NA,NA,NA,NA
"viewer 126",NA,NA,NA,NA,1.7,3.4,NA,NA,1.2,1.1,1
"viewer 127",NA,NA,NA,NA,NA,5,NA,NA,NA,NA,1
"viewer 128",NA,3.1,NA,NA,NA,NA,NA,1.8,NA,NA,NA
"viewer 129",NA,NA,NA,NA,NA,NA,NA,1.4,NA,NA,0
"viewer 130",NA,0.8,NA,NA,1.5,NA,NA,NA,NA,NA,NA
"viewer 131",NA,0.6,NA,4.9,NA,NA,NA,4.8,NA,NA,NA
"viewer 132",3.7,NA,NA,NA,NA,NA,NA,NA,NA,NA,NA
"viewer 133",NA,4.7,NA,NA,NA,4.2,NA,NA,NA,NA,NA
"viewer 134",1,NA,NA,NA,NA,NA,0.6,NA,NA,NA,NA
"viewer 135",0.1,NA,NA,0.2,0.3,NA,NA,NA,NA,NA,NA
"viewer 136",NA,NA,4.1,NA,NA,NA,NA,NA,3.1,NA,NA
"viewer 137",NA,NA,NA,NA,NA,NA,NA,NA,5,NA,NA
"viewer 138",NA,NA,0.6,NA,NA,NA,NA,NA,NA,0.1,0
"viewer 139",NA,NA,NA,NA,NA,NA,NA,NA,NA,NA,NA
"viewer 140",NA,NA,NA,NA,2.6,NA,NA,NA,0,NA,NA
"viewer 141",NA,NA,NA,NA,NA,NA,NA,NA,NA,NA,NA
"viewer 142",NA,NA,NA,NA,NA,NA,NA,NA,0.2,NA,NA
"viewer 143",NA,NA,NA,NA,4.1,NA,5,5,NA,NA,NA
"viewer 144",NA,2.3,5,NA,NA,0.8,NA,NA,0.3,0.4,NA
"viewer 145",NA,NA,NA,NA,NA,NA,NA,NA,NA,NA,0
"viewer 146",NA,NA,NA,NA,NA,NA,NA,NA,0,1.4,0
"viewer 147",NA,NA,NA,NA,NA,NA,NA,NA,NA,0.1,NA
"viewer 148",NA,3.2,NA,NA,NA,NA,NA,NA,NA,NA,NA
"viewer 149",NA,0.3,NA,NA,NA,NA,NA,0.1,NA,NA,NA
"viewer 150",1.9,NA,NA,NA,3.8,NA,NA,4.9,5,NA,NA
"viewer 151",NA,NA,NA,NA,NA,NA,NA,NA,NA,NA,NA
"viewer 152",NA,NA,NA,NA,NA,4.8,NA,NA,NA,NA,NA
"viewer 153",NA,NA,3.8,NA,NA,3.7,NA,NA,3,NA,1
"viewer 154",NA,3.9,NA,3.4,NA,NA,4.6,NA,NA,5,NA
"viewer 155",NA,NA,2.1,NA,NA,NA,0.6,NA,0.3,NA,NA
"viewer 156",NA,NA,NA,NA,NA,1.8,NA,NA,NA,0,1
"viewer 157",1.2,NA,3.9,NA,5,NA,4.8,NA,NA,5,NA
"viewer 158",NA,NA,4.8,4.9,NA,NA,NA,NA,0,NA,NA
"viewer 159",NA,NA,NA,NA,NA,NA,NA,NA,NA,NA,NA
"viewer 160",NA,NA,NA,NA,NA,3.4,NA,NA,NA,NA,NA
"viewer 161",NA,NA,2.7,2.6,3.6,NA,NA,NA,5,NA,NA
"viewer 162",NA,2.3,2.6,NA,NA,NA,NA,5,NA,NA,NA
"viewer 163",NA,2.5,NA,3,NA,NA,NA,5,NA,5,NA
"viewer 164",2.3,NA,NA,NA,NA,NA,NA,4.4,NA,NA,NA
"viewer 165",NA,NA,NA,NA,4.5,NA,NA,4.8,NA,NA,1
"viewer 166",NA,NA,NA,NA,NA,NA,NA,NA,NA,NA,NA
"viewer 167",NA,NA,NA,4,NA,4.4,NA,NA,NA,NA,1
"viewer 168",NA,NA,4.2,NA,NA,NA,3.9,NA,NA,NA,NA
"viewer 169",NA,NA,NA,NA,4,5,NA,5,NA,NA,1
"viewer 170",0.1,NA,NA,NA,NA,NA,NA,NA,NA,0.1,NA
"viewer 171",2,NA,NA,NA,NA,3.6,NA,NA,NA,NA,NA
"viewer 172",NA,2.7,NA,3.7,NA,NA,NA,NA,NA,NA,NA
"viewer 173",NA,NA,NA,NA,2.8,NA,NA,5,NA,NA,NA
"viewer 174",NA,NA,NA,NA,NA,NA,NA,NA,NA,NA,NA
"viewer 175",NA,NA,NA,NA,5,NA,NA,NA,2.5,NA,1
"viewer 176",NA,NA,4.6,NA,NA,NA,NA,NA,NA,5,NA
"viewer 177",NA,5,5,NA,NA,NA,NA,NA,NA,NA,NA
"viewer 178",3,NA,NA,NA,NA,3.6,NA,NA,NA,NA,NA
"viewer 179",NA,NA,NA,NA,NA,NA,NA,NA,NA,NA,NA
"viewer 180",NA,NA,5,NA,NA,4.2,NA,NA,0,NA,NA
"viewer 181",5,NA,NA,NA,NA,NA,NA,3,NA,NA,NA
"viewer 182",5,NA,NA,NA,NA,3.3,NA,NA,NA,NA,NA
"viewer 183",NA,NA,NA,NA,NA,NA,NA,NA,NA,NA,NA
"viewer 184",NA,NA,NA,NA,NA,NA,0.6,NA,NA,NA,NA
"viewer 185",2,3.9,NA,NA,NA,NA,NA,NA,NA,5,1
"viewer 186",NA,NA,3,NA,3.8,5,NA,5,NA,NA,NA
"viewer 187",NA,NA,NA,NA,NA,5,NA,NA,NA,2.5,NA
"viewer 188",NA,NA,NA,NA,0.8,NA,NA,NA,NA,NA,0
"viewer 189",NA,2.2,NA,NA,NA,NA,NA,NA,4.1,5,NA
"viewer 190",NA,NA,3.9,NA,NA,NA,4.5,0,2.2,NA,NA
"viewer 191",NA,NA,NA,NA,5,NA,NA,NA,NA,NA,0
"viewer 192",NA,NA,NA,NA,0.2,NA,NA,NA,NA,NA,NA
"viewer 193",NA,NA,NA,NA,NA,NA,4.4,5,NA,NA,NA
"viewer 194",NA,NA,NA,NA,NA,4.9,NA,NA,NA,5,NA
"viewer 195",NA,NA,NA,NA,NA,NA,3.5,NA,NA,NA,NA
"viewer 196",0.8,NA,NA,NA,NA,NA,0.1,NA,NA,NA,NA
"viewer 197",0.2,NA,NA,NA,NA,0.2,NA,NA,NA,NA,NA
"viewer 198",NA,NA,NA,NA,0.2,NA,NA,NA,NA,0,NA
"viewer 199",NA,NA,3.8,NA,NA,NA,4.4,NA,NA,NA,NA
"viewer 200",NA,NA,NA,NA,NA,3.4,NA,3.7,4.8,NA,0
"viewer 201",NA,NA,4.3,NA,NA,NA,5,NA,5,NA,NA
"viewer 202",NA,2.3,NA,NA,NA,NA,NA,NA,NA,NA,NA
"viewer 203",NA,NA,NA,NA,NA,NA,1.6,NA,NA,NA,NA
"viewer 204",0.2,NA,NA,1.1,NA,NA,NA,0.3,0,NA,NA
"viewer 205",NA,NA,NA,NA,NA,NA,NA,NA,NA,NA,NA
"viewer 206",NA,NA,2.9,NA,NA,NA,NA,NA,NA,0,NA
"viewer 207",2.1,NA,NA,3.6,NA,3.6,4.5,NA,NA,NA,NA
"viewer 208",NA,NA,NA,NA,4.5,NA,NA,NA,NA,NA,NA
"viewer 209",NA,NA,1,NA,NA,NA,NA,NA,0.1,NA,0
"viewer 210",NA,NA,NA,4.2,NA,3.4,NA,NA,NA,NA,NA
"viewer 211",NA,NA,4.5,NA,NA,1.9,NA,NA,NA,NA,NA
"viewer 212",NA,NA,NA,NA,NA,NA,NA,NA,NA,NA,NA
"viewer 213",0.6,0.4,NA,NA,NA,NA,NA,NA,NA,NA,NA
"viewer 214",NA,NA,NA,2.6,NA,NA,NA,NA,NA,NA,0
"viewer 215",NA,NA,NA,NA,2.6,NA,NA,NA,NA,NA,NA
"viewer 216",0,0.9,NA,NA,NA,NA,0.5,NA,0.6,NA,NA
"viewer 217",4.8,NA,NA,NA,NA,NA,2.8,NA,NA,3.9,NA
"viewer 218",NA,NA,NA,4.8,NA,NA,NA,NA,5,NA,NA
"viewer 219",0.8,NA,NA,0.9,NA,NA,NA,NA,NA,NA,NA
"viewer 220",NA,NA,NA,NA,NA,4.6,NA,NA,NA,NA,NA
"viewer 221",NA,NA,1.3,NA,0.7,0.4,NA,NA,NA,NA,NA
"viewer 222",NA,NA,NA,NA,NA,NA,NA,NA,5,5,NA
"viewer 223",0.2,NA,NA,NA,NA,0.8,NA,NA,0.1,0,1
"viewer 224",NA,NA,NA,4.1,NA,NA,4.6,NA,NA,NA,1
"viewer 225",NA,NA,NA,4.1,NA,NA,NA,NA,NA,NA,NA
"viewer 226",NA,NA,NA,NA,NA,NA,0.2,NA,NA,0.1,0
"viewer 227",NA,NA,NA,2.5,NA,NA,NA,5,5,NA,NA
"viewer 228",NA,NA,NA,NA,NA,NA,NA,NA,NA,NA,NA
"viewer 229",NA,NA,NA,NA,0.8,NA,NA,NA,NA,NA,NA
"viewer 230",NA,3.2,NA,NA,3.1,NA,NA,5,4.9,5,NA
"viewer 231",NA,NA,NA,NA,NA,NA,NA,NA,NA,NA,NA
"viewer 232",NA,NA,2,1.1,NA,NA,NA,NA,NA,3.9,NA
"viewer 233",0.3,1.7,NA,0.1,NA,NA,3.3,NA,NA,NA,NA
"viewer 234",NA,0.2,NA,1.9,NA,NA,NA,0.1,NA,NA,NA
"viewer 235",1.9,NA,NA,NA,NA,4.5,NA,NA,5,NA,1
"viewer 236",NA,2.3,3.2,NA,NA,NA,NA,NA,NA,5,NA
"viewer 237",3,1.7,NA,NA,NA,NA,4.7,5,NA,NA,1
"viewer 238",NA,2,NA,NA,NA,NA,NA,NA,0.1,NA,NA
"viewer 239",NA,NA,NA,NA,NA,NA,NA,NA,NA,NA,NA
"viewer 240",NA,1.4,0.2,NA,NA,NA,0.2,NA,0.3,NA,1
"viewer 241",NA,NA,NA,NA,NA,NA,NA,0.8,0.1,NA,NA
"viewer 242",NA,NA,NA,NA,NA,2.5,NA,NA,NA,NA,1
"viewer 243",NA,NA,NA,4.4,NA,NA,NA,NA,NA,NA,1
"viewer 244",NA,NA,NA,1.2,NA,NA,NA,NA,NA,NA,NA
"viewer 245",NA,3.8,3.7,NA,NA,NA,NA,NA,NA,NA,NA
"viewer 246",NA,NA,NA,3.9,NA,NA,5,NA,5,NA,NA
"viewer 247",NA,2.5,NA,NA,4.9,NA,4.6,NA,NA,5,NA
"viewer 248",NA,NA,2.6,NA,NA,NA,NA,5,NA,NA,NA
"viewer 249",1.8,NA,NA,3.9,NA,NA,NA,NA,NA,5,NA
"viewer 250",NA,4.2,NA,NA,NA,NA,1.4,NA,1.4,NA,0
"viewer 251",NA,NA,NA,NA,5,NA,NA,4.1,NA,NA,NA
"viewer 252",NA,2.3,NA,NA,4.4,NA,NA,5,NA,NA,NA
"viewer 253",NA,NA,NA,NA,NA,NA,NA,NA,NA,0.1,0
"viewer 254",2.7,2.4,NA,NA,NA,NA,NA,NA,NA,NA,NA
"viewer 255",NA,NA,0.3,NA,NA,NA,NA,0.1,NA,0.3,NA
"viewer 256",NA,NA,NA,NA,NA,NA,NA,NA,4.9,0,NA
"viewer 257",NA,2.4,NA,NA,NA,NA,NA,NA,NA,NA,0
"viewer 258",NA,NA,NA,NA,2.5,NA,NA,NA,NA,2.9,NA
"viewer 259",NA,NA,NA,NA,NA,NA,NA,5,NA,5,NA
"viewer 260",4.3,NA,NA,NA,NA,5,NA,NA,0,NA,NA
"viewer 261",NA,NA,NA,NA,NA,NA,NA,NA,NA,5,1
"viewer 262",NA,1.1,NA,3.9,NA,NA,5,NA,NA,NA,1
"viewer 263",NA,NA,NA,5,NA,NA,5,NA,NA,NA,1
"viewer 264",NA,NA,NA,NA,3.4,0.4,NA,NA,NA,NA,NA
"viewer 265",NA,NA,NA,NA,NA,NA,NA,NA,3.2,NA,NA
"viewer 266",NA,1.8,4,NA,4.8,NA,NA,NA,NA,NA,NA
"viewer 267",NA,NA,4.1,NA,3.6,NA,NA,NA,NA,4.7,NA
"viewer 268",NA,NA,NA,NA,NA,NA,NA,4.1,2.6,NA,0
"viewer 269",NA,NA,NA,NA,NA,NA,NA,NA,5,NA,NA
"viewer 270",1.9,NA,NA,NA,5,3.9,NA,4.6,NA,NA,NA
"viewer 271",NA,3.1,4.1,NA,3.3,NA,NA,NA,NA,NA,NA
"viewer 272",NA,NA,NA,NA,3.5,NA,NA,NA,NA,NA,NA
"viewer 273",NA,NA,4.4,NA,NA,NA,NA,1.7,NA,4.5,NA
"viewer 274",NA,NA,3.4,NA,NA,NA,NA,3.7,5,NA,NA
"viewer 275",NA,NA,NA,NA,4.1,NA,NA,NA,5,NA,NA
"viewer 276",NA,NA,NA,NA,NA,NA,NA,4.1,NA,NA,NA
"viewer 277",NA,NA,NA,NA,NA,NA,0.6,NA,NA,NA,NA
"viewer 278",NA,3.2,4.3,5,NA,NA,NA,NA,1.1,NA,NA
"viewer 279",NA,NA,NA,NA,NA,2.7,NA,NA,NA,NA,0
"viewer 280",NA,NA,2.9,NA,NA,NA,5,5,NA,5,NA
"viewer 281",0.9,NA,NA,NA,NA,NA,2.4,NA,0.6,NA,NA
"viewer 282",NA,NA,NA,NA,3.7,NA,NA,NA,NA,NA,1
"viewer 283",NA,NA,3.3,NA,NA,NA,5,NA,NA,NA,NA
"viewer 284",NA,NA,NA,NA,NA,NA,NA,NA,NA,NA,NA
"viewer 285",NA,NA,NA,NA,NA,NA,NA,NA,NA,NA,NA
"viewer 286",NA,NA,3.5,NA,NA,NA,NA,NA,NA,NA,NA
"viewer 287",NA,0.5,NA,NA,NA,NA,NA,NA,NA,NA,0
"viewer 288",NA,NA,NA,NA,5,NA,NA,NA,NA,5,NA
"viewer 289",NA,NA,0.2,NA,NA,NA,NA,0.6,NA,0.2,NA
"viewer 290",1.4,NA,2.5,3.8,NA,4.7,NA,NA,5,NA,NA
"viewer 291",NA,NA,NA,NA,NA,NA,NA,0.5,NA,NA,0
"viewer 292",NA,NA,NA,NA,NA,NA,NA,NA,NA,5,NA
"viewer 293",NA,3.5,NA,NA,NA,NA,5,NA,NA,NA,NA
"viewer 294",NA,1,NA,NA,0,NA,0.2,NA,0.6,NA,NA
"viewer 295",NA,2.9,NA,NA,5,NA,NA,NA,NA,5,NA
"viewer 296",NA,NA,NA,NA,NA,NA,NA,5,NA,5,NA
"viewer 297",0.8,3.9,NA,NA,NA,NA,NA,NA,0.8,0,NA
"viewer 298",NA,1.8,NA,NA,NA,NA,4.1,NA,5,NA,NA
"viewer 299",NA,NA,NA,NA,NA,NA,NA,3.2,NA,NA,NA
"viewer 300",NA,NA,NA,NA,NA,0.9,NA,0.6,NA,NA,0
"viewer 301",NA,2.4,NA,NA,NA,NA,0.3,NA,NA,NA,NA
"viewer 302",NA,NA,NA,NA,NA,4.9,NA,NA,NA,3.6,NA
"viewer 303",NA,NA,NA,NA,NA,NA,0.5,NA,NA,0,1
"viewer 304",NA,NA,NA,NA,NA,5,NA,NA,NA,NA,NA
"viewer 305",NA,NA,NA,4,3.3,4.6,NA,5,NA,NA,1
"viewer 306",2.7,NA,4.9,NA,NA,NA,NA,NA,NA,NA,NA
"viewer 307",NA,NA,NA,5,NA,NA,NA,NA,NA,NA,NA
"viewer 308",NA,NA,5,NA,0,NA,NA,1.2,NA,NA,NA
"viewer 309",4,NA,NA,5,NA,NA,NA,NA,2.3,NA,NA
"viewer 310",3.6,5,NA,NA,NA,NA,NA,NA,NA,1.3,NA
"viewer 311",NA,NA,NA,4.3,NA,NA,NA,NA,NA,2.3,NA
"viewer 312",NA,NA,NA,NA,NA,NA,NA,NA,NA,NA,NA
"viewer 313",NA,0.2,0.6,NA,NA,NA,NA,NA,NA,0.1,NA
"viewer 314",NA,2.8,NA,NA,4.3,4.4,NA,3.9,NA,NA,NA
"viewer 315",NA,NA,NA,NA,NA,0.5,NA,NA,NA,NA,NA
"viewer 316",NA,1.1,NA,NA,NA,NA,NA,NA,NA,NA,0
"viewer 317",NA,2.8,NA,NA,NA,4.1,5,NA,5,NA,1
"viewer 318",NA,NA,NA,NA,NA,NA,NA,NA,NA,NA,NA
"viewer 319",NA,1,NA,NA,NA,NA,NA,1,NA,NA,1
"viewer 320",3,NA,NA,NA,NA,NA,NA,NA,NA,NA,NA
"viewer 321",NA,NA,0.4,0.2,NA,NA,NA,NA,NA,NA,NA
"viewer 322",5,NA,NA,2.3,NA,NA,NA,NA,NA,NA,NA
"viewer 323",NA,NA,NA,NA,NA,NA,5,NA,NA,NA,1
"viewer 324",NA,NA,NA,0.7,NA,NA,NA,NA,0.5,NA,NA
"viewer 325",NA,3.4,NA,NA,0.5,NA,1.9,1,NA,NA,NA
"viewer 326",NA,NA,NA,NA,NA,NA,NA,3.8,NA,NA,NA
"viewer 327",5,4.4,NA,NA,NA,NA,NA,NA,NA,NA,NA
"viewer 328",1.7,1.3,2.8,NA,4.6,NA,5,NA,NA,NA,NA
"viewer 329",NA,NA,NA,NA,NA,NA,NA,NA,NA,NA,NA
"viewer 330",NA,NA,NA,0.9,NA,NA,NA,NA,NA,NA,NA
"viewer 331",1.2,3.2,NA,NA,NA,2.7,5,NA,NA,NA,NA
"viewer 332",NA,NA,4.3,NA,NA,3.3,NA,NA,NA,NA,NA
"viewer 333",0.8,NA,NA,NA,NA,NA,0.1,NA,NA,NA,1
"viewer 334",NA,NA,NA,NA,NA,NA,NA,NA,NA,NA,NA
"viewer 335",NA,NA,NA,NA,NA,NA,NA,0.2,NA,0.1,0
"viewer 336",NA,NA,0.5,NA,0.5,NA,NA,NA,NA,NA,NA
"viewer 337",NA,NA,NA,NA,4,NA,NA,NA,NA,NA,NA
"viewer 338",2.2,NA,NA,2.2,NA,NA,NA,NA,0.4,0.1,NA
"viewer 339",NA,NA,NA,NA,NA,NA,NA,NA,NA,NA,NA
"viewer 340",NA,NA,NA,4.5,NA,NA,5,5,NA,NA,NA
"viewer 341",NA,NA,3.9,NA,NA,NA,4.9,NA,NA,5,NA
"viewer 342",NA,NA,NA,NA,NA,NA,NA,NA,0,NA,NA
"viewer 343",NA,NA,0.3,NA,NA,NA,NA,NA,NA,NA,NA
"viewer 344",NA,4.4,5,NA,NA,NA,NA,NA,NA,NA,0
"viewer 345",NA,NA,NA,NA,NA,NA,NA,NA,NA,NA,NA
"viewer 346",NA,NA,NA,NA,NA,NA,NA,NA,NA,NA,NA
"viewer 347",NA,NA,NA,NA,NA,NA,NA,NA,NA,NA,1
"viewer 348",2.7,NA,1.8,3.3,3.3,NA,NA,NA,NA,NA,1
"viewer 349",1.1,NA,NA,NA,NA,NA,NA,5,NA,NA,NA
"viewer 350",NA,NA,NA,NA,NA,5,NA,NA,NA,5,NA
"viewer 351",NA,NA,NA,NA,NA,NA,NA,NA,NA,0,NA
"viewer 352",NA,NA,NA,NA,NA,NA,NA,0.2,0,NA,NA
"viewer 353",NA,NA,1.9,NA,NA,NA,NA,NA,NA,NA,NA
"viewer 354",NA,NA,2.3,NA,NA,NA,NA,5,5,NA,NA
"viewer 355",NA,NA,2.9,NA,NA,NA,NA,4.3,NA,NA,NA
"viewer 356",NA,NA,NA,NA,NA,NA,5,NA,4,NA,NA
"viewer 357",NA,NA,NA,NA,NA,NA,NA,NA,NA,NA,1
"viewer 358",NA,NA,2.9,NA,NA,NA,NA,NA,NA,NA,NA
"viewer 359",NA,NA,NA,NA,NA,NA,NA,NA,NA,1.4,NA
"viewer 360",NA,NA,NA,0.9,NA,NA,NA,0.1,NA,NA,NA
"viewer 361",3.9,1.1,NA,3.5,NA,NA,NA,NA,NA,NA,NA
"viewer 362",NA,NA,NA,NA,NA,NA,NA,NA,NA,NA,NA
"viewer 363",NA,NA,4,3.3,NA,NA,NA,4.9,NA,NA,NA
"viewer 364",NA,NA,NA,3.9,NA,NA,NA,NA,NA,2.2,NA
"viewer 365",NA,NA,NA,NA,NA,NA,0.2,NA,NA,NA,NA
"viewer 366",5,5,3.4,NA,NA,NA,NA,NA,NA,NA,NA
"viewer 367",NA,0.9,0.7,NA,NA,NA,0.4,NA,NA,NA,NA
"viewer 368",NA,3.1,NA,3.3,NA,NA,NA,NA,NA,NA,1
"viewer 369",NA,0.7,NA,NA,NA,NA,NA,NA,NA,NA,0
"viewer 370",NA,5,NA,NA,NA,NA,NA,NA,NA,NA,NA
"viewer 371",NA,NA,NA,NA,NA,NA,NA,NA,NA,NA,NA
"viewer 372",NA,NA,NA,4.1,NA,NA,3.9,5,NA,NA,1
"viewer 373",NA,NA,3.5,NA,NA,NA,5,NA,NA,NA,NA
"viewer 374",NA,NA,NA,NA,3.2,NA,NA,NA,NA,NA,NA
"viewer 375",4.3,NA,NA,3.5,NA,4.6,NA,NA,NA,2.4,NA
"viewer 376",5,NA,5,NA,NA,NA,NA,NA,NA,NA,1
"viewer 377",NA,NA,NA,NA,NA,4.1,2.8,2.4,2.8,NA,NA
"viewer 378",NA,NA,NA,NA,NA,NA,3.6,5,NA,5,NA
"viewer 379",NA,NA,NA,NA,NA,NA,NA,NA,NA,NA,NA
"viewer 380",NA,NA,NA,NA,NA,NA,NA,NA,NA,NA,NA
"viewer 381",NA,NA,NA,4.4,NA,NA,1.5,NA,NA,NA,NA
"viewer 382",NA,NA,NA,NA,3.4,NA,NA,NA,NA,NA,NA
"viewer 383",4.9,NA,4.4,NA,NA,0,3.6,5,NA,NA,NA
"viewer 384",5,NA,NA,3.9,NA,NA,NA,0.2,NA,NA,1
"viewer 385",NA,NA,5,NA,NA,4.2,NA,2,NA,NA,NA
"viewer 386",NA,5,NA,3.6,1.8,NA,NA,2.4,NA,NA,NA
"viewer 387",NA,NA,NA,NA,NA,1.6,0,NA,NA,NA,NA
"viewer 388",NA,NA,2.8,NA,NA,4.5,4.8,NA,NA,NA,NA
"viewer 389",NA,NA,NA,NA,NA,NA,NA,NA,5,NA,1
"viewer 390",NA,3.5,5,4.7,NA,NA,NA,NA,NA,NA,NA
"viewer 391",NA,NA,1.4,NA,2.9,NA,5,5,5,NA,NA
"viewer 392",NA,3,NA,NA,NA,NA,NA,NA,5,5,NA
"viewer 393",NA,NA,NA,NA,NA,3,NA,NA,NA,NA,NA
"viewer 394",4,2.7,NA,NA,NA,NA,NA,NA,NA,NA,NA
"viewer 395",NA,NA,NA,NA,NA,NA,NA,NA,5,5,1
"viewer 396",NA,NA,3.2,NA,NA,NA,5,NA,NA,NA,NA
"viewer 397",NA,NA,NA,3.5,2.7,3.5,3.4,NA,NA,NA,NA
"viewer 398",0.4,NA,NA,0.5,NA,NA,NA,NA,NA,NA,NA
"viewer 399",NA,4,5,NA,NA,1.9,NA,NA,NA,2.5,NA
"viewer 400",NA,NA,NA,NA,NA,0.1,NA,NA,NA,NA,NA
"viewer 401",NA,NA,NA,3.7,NA,NA,NA,1.6,NA,NA,NA
"viewer 402",NA,NA,NA,NA,NA,NA,NA,0.1,NA,0.2,NA
"viewer 403",NA,NA,NA,NA,NA,NA,NA,NA,NA,NA,NA
"viewer 404",NA,0.4,NA,0,NA,NA,0.6,NA,NA,NA,NA
"viewer 405",NA,NA,NA,4.1,NA,NA,NA,4.6,NA,NA,NA
"viewer 406",NA,NA,NA,NA,NA,3.9,NA,NA,NA,NA,1
"viewer 407",1.9,NA,NA,NA,NA,NA,5,2.9,5,NA,NA
"viewer 408",NA,NA,1.1,NA,NA,NA,NA,NA,5,NA,NA
"viewer 409",2.3,1.9,NA,NA,NA,NA,5,NA,5,NA,NA
"viewer 410",NA,NA,NA,NA,NA,NA,NA,NA,NA,0,0
"viewer 411",NA,NA,NA,4.6,NA,2.7,NA,NA,NA,NA,NA
"viewer 412",0.4,NA,4.2,NA,NA,NA,NA,NA,NA,NA,0
"viewer 413",NA,NA,NA,NA,4.1,NA,NA,5,5,NA,NA
"viewer 414",NA,NA,NA,NA,4.2,NA,NA,4.9,NA,4,NA
"viewer 415",NA,NA,NA,NA,NA,NA,NA,NA,3.2,NA,NA
"viewer 416",NA,0.1,NA,NA,NA,NA,0,NA,NA,0.1,NA
"viewer 417",2.7,3.8,NA,NA,NA,NA,5,NA,5,NA,NA
"viewer 418",1.8,NA,NA,2.6,NA,NA,NA,NA,NA,NA,NA
"viewer 419",NA,NA,NA,NA,NA,NA,NA,0,NA,NA,NA
"viewer 420",NA,NA,NA,4.2,4.3,NA,NA,NA,NA,NA,NA
"viewer 421",NA,NA,3.4,NA,NA,NA,4,5,NA,NA,NA
"viewer 422",NA,NA,NA,NA,NA,NA,NA,NA,NA,NA,NA
"viewer 423",NA,NA,3.6,NA,3.7,NA,NA,NA,NA,NA,NA
"viewer 424",NA,3.3,NA,NA,NA,NA,4.1,4.8,NA,NA,NA
"viewer 425",NA,NA,NA,NA,NA,NA,NA,NA,NA,NA,0
"viewer 426",NA,NA,NA,NA,NA,NA,NA,NA,NA,NA,NA
"viewer 427",NA,2.5,NA,NA,3.2,NA,NA,NA,NA,NA,1
"viewer 428",NA,NA,NA,NA,NA,NA,NA,NA,NA,2.2,NA
"viewer 429",5,NA,NA,NA,NA,NA,NA,2.9,NA,NA,NA
"viewer 430",NA,NA,NA,NA,NA,NA,NA,0.1,NA,NA,NA
"viewer 431",NA,2.2,3.6,NA,5,NA,NA,NA,NA,NA,0
"viewer 432",NA,NA,NA,NA,NA,NA,NA,NA,NA,NA,0
"viewer 433",1.1,NA,NA,0.7,NA,NA,NA,NA,NA,NA,0
"viewer 434",NA,NA,NA,NA,NA,NA,NA,NA,5,NA,NA
"viewer 435",NA,NA,NA,NA,NA,NA,NA,5,NA,NA,NA
"viewer 436",NA,NA,NA,4.9,NA,NA,4.7,NA,NA,NA,NA
"viewer 437",NA,2.2,NA,NA,5,NA,NA,NA,NA,5,NA
"viewer 438",NA,NA,2.9,3.2,NA,NA,NA,NA,NA,2,NA
"viewer 439",5,NA,NA,NA,2.6,NA,3.4,NA,5,1.4,NA
"viewer 440",NA,3.4,1,NA,NA,5,NA,NA,NA,NA,1
"viewer 441",NA,NA,NA,NA,2.7,NA,5,NA,5,NA,NA
"viewer 442",NA,NA,3.2,NA,NA,5,NA,NA,NA,5,1
"viewer 443",NA,NA,4,NA,5,4.9,NA,NA,5,NA,NA
"viewer 444",NA,NA,1.4,NA,0.2,NA,NA,NA,NA,NA,NA
"viewer 445",NA,2.6,NA,3.7,NA,NA,4.4,5,NA,5,NA
"viewer 446",NA,4.8,3.1,NA,NA,NA,NA,3.1,1.9,NA,0
"viewer 447",NA,NA,NA,NA,NA,4.9,NA,NA,NA,5,NA
"viewer 448",NA,NA,NA,NA,NA,NA,NA,NA,NA,NA,NA
"viewer 449",2.5,NA,3.2,NA,NA,NA,NA,NA,NA,NA,NA
"viewer 450",NA,3,3.8,NA,NA,4.9,NA,NA,NA,NA,NA
"viewer 451",NA,NA,3.5,NA,NA,2.7,4.1,NA,NA,NA,NA
"viewer 452",NA,NA,3.9,NA,NA,NA,NA,NA,NA,NA,NA
"viewer 453",0.8,NA,4.8,NA,NA,NA,NA,NA,NA,NA,1
"viewer 454",NA,NA,NA,2.7,NA,NA,NA,NA,5,NA,NA
"viewer 455",NA,NA,NA,4.5,NA,NA,NA,3.1,2.3,NA,NA
"viewer 456",NA,NA,NA,3,NA,NA,2.6,NA,NA,2.2,NA
"viewer 457",NA,3.7,NA,2.4,NA,5,NA,NA,NA,5,1
"viewer 458",NA,NA,NA,NA,NA,NA,NA,NA,NA,NA,0
"viewer 459",5,NA,NA,NA,NA,NA,NA,NA,NA,NA,NA
"viewer 460",NA,NA,0.2,NA,NA,4.3,3.7,NA,NA,NA,NA
"viewer 461",NA,0.4,0.7,NA,NA,NA,NA,1.9,NA,0.1,NA
"viewer 462",NA,NA,NA,NA,NA,0.2,2.1,NA,NA,NA,NA
"viewer 463",NA,NA,NA,0,NA,NA,NA,NA,NA,NA,NA
"viewer 464",NA,NA,NA,NA,NA,NA,NA,NA,NA,NA,NA
"viewer 465",NA,NA,NA,NA,NA,1.2,NA,3.3,NA,NA,NA
"viewer 466",NA,4.9,NA,0.9,NA,NA,NA,NA,NA,2.4,NA
"viewer 467",NA,1.6,NA,NA,NA,NA,4.5,5,5,NA,1
"viewer 468",0.5,NA,NA,NA,NA,0.6,NA,NA,NA,NA,0
"viewer 469",NA,2,2.3,NA,NA,NA,NA,NA,NA,NA,NA
"viewer 470",NA,1.8,NA,NA,3.3,NA,NA,5,NA,NA,NA
"viewer 471",NA,1.8,NA,NA,NA,NA,NA,NA,NA,NA,NA
"viewer 472",NA,NA,NA,NA,NA,3.4,NA,NA,NA,2.8,NA
"viewer 473",NA,2.8,NA,NA,NA,NA,4.3,NA,NA,NA,NA
"viewer 474",NA,NA,2.8,NA,0,4.8,NA,NA,NA,NA,0
"viewer 475",NA,NA,NA,NA,NA,NA,0.8,NA,NA,0.4,NA
"viewer 476",NA,NA,NA,NA,NA,NA,1,NA,NA,0.3,0
"viewer 477",NA,NA,NA,NA,NA,NA,NA,NA,NA,NA,NA
"viewer 478",0.5,0.9,0.1,NA,NA,NA,0,1.3,NA,NA,NA
"viewer 479",NA,NA,2.2,NA,NA,NA,NA,NA,NA,NA,NA
"viewer 480",NA,NA,NA,NA,NA,NA,NA,NA,NA,NA,NA
"viewer 481",NA,NA,4.8,2.9,NA,NA,NA,NA,NA,NA,NA
"viewer 482",NA,NA,NA,NA,NA,NA,NA,NA,NA,5,NA
"viewer 483",NA,NA,NA,3,NA,NA,NA,NA,NA,NA,NA
"viewer 484",NA,2.2,NA,NA,NA,NA,NA,NA,NA,NA,NA
"viewer 485",NA,NA,NA,NA,NA,NA,NA,NA,NA,NA,1
"viewer 486",NA,3.6,NA,2.7,NA,NA,NA,NA,5,NA,NA
"viewer 487",NA,NA,NA,NA,NA,NA,NA,NA,NA,NA,1
"viewer 488",NA,NA,NA,0.8,0,NA,NA,NA,NA,NA,1
"viewer 489",2.8,NA,NA,NA,NA,3.9,NA,5,NA,NA,NA
"viewer 490",NA,2.5,NA,4.3,NA,NA,5,NA,5,5,NA
"viewer 491",NA,NA,0.7,NA,NA,0.7,NA,NA,NA,NA,NA
"viewer 492",5,NA,NA,NA,NA,NA,NA,NA,NA,NA,NA
"viewer 493",NA,NA,NA,NA,NA,NA,NA,NA,NA,NA,NA
"viewer 494",NA,NA,2.8,NA,NA,5,NA,NA,NA,NA,NA
"viewer 495",2.8,NA,NA,NA,0.4,NA,NA,NA,NA,NA,NA
"viewer 496",NA,NA,NA,2.2,NA,NA,NA,NA,NA,NA,NA
"viewer 497",NA,NA,NA,NA,NA,NA,NA,NA,NA,5,NA
"viewer 498",NA,0.1,NA,NA,NA,NA,0.9,0.2,NA,NA,NA
"viewer 499",NA,NA,NA,NA,2.4,NA,NA,NA,NA,NA,0
"viewer 500",1.8,NA,NA,NA,3.4,NA,NA,NA,NA,NA,NA
